"","rules","support","confidence","lift","count"
"1","{cake bar} => {whole milk}",0.00559113550879333,0.423076923076923,1.65611129817258,55
"2","{dishes} => {other vegetables}",0.00599776354579648,0.341040462427746,1.76290858061048,59
"3","{dishes} => {whole milk}",0.00528616448104097,0.300578034682081,1.17659615088246,52
"4","{mustard} => {whole milk}",0.00518450747179018,0.432203389830508,1.69183634928878,51
"5","{pot plants} => {whole milk}",0.00691267662905357,0.4,1.56577795463589,68
"6","{chewing gum} => {soda}",0.00538782149029176,0.256038647342995,1.46860185067816,53
"7","{canned fish} => {other vegetables}",0.00508285046253939,0.337837837837838,1.74635355271193,50
"8","{pasta} => {whole milk}",0.00609942055504727,0.405405405405405,1.58693711618503,60
"9","{herbs} => {root vegetables}",0.00701433363830436,0.43125,3.95728194962687,69
"10","{herbs} => {other vegetables}",0.00772593270305988,0.475,2.45537309511298,76
"11","{herbs} => {whole milk}",0.00772593270305988,0.475,1.85936132113012,76
"12","{processed cheese} => {soda}",0.00528616448104097,0.319018404907975,1.82984492657712,52
"13","{processed cheese} => {other vegetables}",0.00548947849954254,0.331288343558282,1.71249786420537,54
"14","{processed cheese} => {whole milk}",0.00701433363830436,0.423312883435583,1.65703495199197,69
"15","{semi-finished bread} => {other vegetables}",0.00518450747179018,0.293103448275862,1.51511225469766,51
"16","{semi-finished bread} => {whole milk}",0.00711599064755515,0.402298850574713,1.57477667851311,70
"17","{beverages} => {whole milk}",0.00681101961980279,0.26171875,1.02448362266216,67
"18","{detergent} => {other vegetables}",0.00640439158279963,0.333333333333333,1.72306883867578,63
"19","{detergent} => {whole milk}",0.00894581681406933,0.465608465608466,1.82259867735395,88
"20","{pickled vegetables} => {other vegetables}",0.00640439158279963,0.357954545454545,1.85034096880524,63
"21","{pickled vegetables} => {whole milk}",0.00711599064755515,0.397727272727273,1.55688148898455,70
"22","{baking powder} => {other vegetables}",0.00731930466605672,0.413793103448276,2.138982006632,72
"23","{baking powder} => {whole milk}",0.00925078784182169,0.522988505747126,2.04720968206704,91
"24","{flour} => {other vegetables}",0.00630273457354885,0.362573099415205,1.8742152280333,62
"25","{flour} => {whole milk}",0.00843753176781539,0.485380116959064,1.89999371688274,83
"26","{soft cheese} => {yogurt}",0.00599776354579648,0.351190476190476,2.51797428154935,59
"27","{soft cheese} => {rolls/buns}",0.00538782149029176,0.31547619047619,1.71549988154466,53
"28","{soft cheese} => {other vegetables}",0.00711599064755515,0.416666666666667,2.15383604834472,70
"29","{soft cheese} => {whole milk}",0.0075226186845583,0.44047619047619,1.72421977147405,74
"30","{specialty bar} => {soda}",0.00721764765680594,0.263940520446097,1.51392588899607,71
"31","{misc. beverages} => {soda}",0.00731930466605672,0.258064516129032,1.48022195053136,72
"32","{grapes} => {tropical fruit}",0.00609942055504727,0.272727272727273,2.59963002114165,60
"33","{grapes} => {other vegetables}",0.00904747382332012,0.404545454545455,2.0911789996656,89
"34","{grapes} => {whole milk}",0.00731930466605672,0.327272727272727,1.281091053793,72
"35","{cat food} => {yogurt}",0.00620107756429806,0.266375545851528,1.90986606745006,61
"36","{cat food} => {other vegetables}",0.00650604859205042,0.279475982532751,1.44466906998144,64
"37","{cat food} => {whole milk}",0.00884415980481854,0.379912663755459,1.48714718398824,87
"38","{specialty chocolate} => {whole milk}",0.00803090373081224,0.264214046822742,1.03425132455046,79
"39","{meat} => {rolls/buns}",0.00691267662905357,0.267716535433071,1.45579190660869,68
"40","{meat} => {other vegetables}",0.00996238690657721,0.385826771653543,1.99441826208928,98
"41","{meat} => {whole milk}",0.00996238690657721,0.385826771653543,1.51029763340864,98
"42","{frozen meals} => {other vegetables}",0.0075226186845583,0.265232974910394,1.37104402217212,74
"43","{frozen meals} => {whole milk}",0.00986072989732642,0.347670250896057,1.36093603583944,97
"44","{hard cheese} => {yogurt}",0.00640439158279963,0.261410788381743,1.87426962486239,63
"45","{hard cheese} => {other vegetables}",0.00945410186032327,0.385892116182573,1.99475604145453,93
"46","{hard cheese} => {whole milk}",0.010064043915828,0.410788381742739,1.60800848038333,99
"47","{butter milk} => {yogurt}",0.00853918877706618,0.305454545454545,2.19005565862709,84
"48","{butter milk} => {rolls/buns}",0.00762427569380909,0.272727272727273,1.48303934871099,75
"49","{butter milk} => {other vegetables}",0.0103690149435804,0.370909090909091,1.91730568958104,102
"50","{butter milk} => {whole milk}",0.0115888990545898,0.414545454545455,1.62271533480447,114
"51","{candy} => {soda}",0.00864084578631697,0.289115646258503,1.65832688760635,85
"52","{candy} => {whole milk}",0.00823421774931381,0.275510204081633,1.07846950957064,81
"53","{ham} => {yogurt}",0.006709362610552,0.2578125,1.8484705266035,66
"54","{ham} => {rolls/buns}",0.00691267662905357,0.265625,1.44441853233831,68
"55","{ham} => {other vegetables}",0.00914913083257091,0.3515625,1.81729916579086,90
"56","{ham} => {whole milk}",0.011487242045339,0.44140625,1.72786043822125,113
"57","{sliced cheese} => {sausage}",0.00701433363830436,0.286307053941909,3.04805464245298,69
"58","{sliced cheese} => {yogurt}",0.00803090373081224,0.327800829875519,2.35027460895443,79
"59","{sliced cheese} => {rolls/buns}",0.00762427569380909,0.311203319502075,1.69226481699387,75
"60","{sliced cheese} => {other vegetables}",0.00904747382332012,0.369294605809129,1.90896008268229,89
"61","{sliced cheese} => {whole milk}",0.0107756429805835,0.439834024896266,1.72170604970337,106
"62","{oil} => {root vegetables}",0.00701433363830436,0.25,2.29407649253731,69
"63","{oil} => {other vegetables}",0.00996238690657721,0.355072463768116,1.83544289337202,98
"64","{oil} => {whole milk}",0.0112839280268375,0.402173913043478,1.57428761743283,111
"65","{onions} => {root vegetables}",0.00945410186032327,0.304918032786885,2.79802116466846,93
"66","{onions} => {other vegetables}",0.0142319812951103,0.459016393442623,2.37275053194697,140
"67","{onions} => {whole milk}",0.0120971841008438,0.390163934426229,1.52727521804649,119
"68","{berries} => {whipped/sour cream}",0.00904747382332012,0.27217125382263,3.79765762248682,89
"69","{berries} => {yogurt}",0.0105723289620819,0.318042813455657,2.28031133816567,104
"70","{berries} => {other vegetables}",0.0102673579343296,0.308868501529052,1.59660507069957,101
"71","{berries} => {whole milk}",0.0117922130730914,0.35474006116208,1.38861041848443,116
"72","{hamburger meat} => {rolls/buns}",0.00864084578631697,0.259938837920489,1.41349825794575,85
"73","{hamburger meat} => {other vegetables}",0.0138253532581071,0.415902140672783,2.14988405559546,136
"74","{hamburger meat} => {whole milk}",0.0147402663413642,0.443425076452599,1.73576302310554,145
"75","{hygiene articles} => {other vegetables}",0.00955575886957406,0.290123456790123,1.49970806329188,94
"76","{hygiene articles} => {whole milk}",0.0128087831655993,0.388888888888889,1.52228412256267,126
"77","{salty snack} => {other vegetables}",0.0107756429805835,0.28494623655914,1.47294594273897,106
"78","{salty snack} => {whole milk}",0.0111822710175867,0.295698924731183,1.15749714388406,110
"79","{sugar} => {other vegetables}",0.0107756429805835,0.318318318318318,1.64545312522191,106
"80","{sugar} => {whole milk}",0.0150452373691166,0.444444444444444,1.73975328292877,148
"81","{waffles} => {other vegetables}",0.010064043915828,0.261904761904762,1.35383980181668,99
"82","{waffles} => {whole milk}",0.0127071261563485,0.330687830687831,1.29445928789343,125
"83","{long life bakery product} => {other vegetables}",0.0106739859713327,0.285326086956522,1.47490946788823,105
"84","{long life bakery product} => {whole milk}",0.0135203822303548,0.361413043478261,1.41473143999031,133
"85","{dessert} => {soda}",0.00986072989732642,0.265753424657534,1.52432445385199,97
"86","{dessert} => {yogurt}",0.00986072989732642,0.265753424657534,1.90540556731499,97
"87","{dessert} => {other vegetables}",0.0115888990545898,0.312328767123288,1.61449189815648,114
"88","{dessert} => {whole milk}",0.0137236962488564,0.36986301369863,1.44780838271127,135
"89","{cream cheese} => {yogurt}",0.0124021551285961,0.312820512820513,2.24286835613366,122
"90","{cream cheese} => {rolls/buns}",0.00996238690657721,0.251282051282051,1.36642428881235,98
"91","{cream cheese} => {other vegetables}",0.0137236962488564,0.346153846153846,1.78934071708638,135
"92","{cream cheese} => {whole milk}",0.0164684354986276,0.415384615384615,1.62600018366035,162
"93","{chicken} => {root vegetables}",0.0108772999898343,0.253554502369668,2.32669369385301,107
"94","{chicken} => {other vegetables}",0.0178916336281387,0.417061611374408,2.15587759910144,176
"95","{chicken} => {whole milk}",0.0175866626003863,0.409952606635071,1.60473688478679,173
"96","{white bread} => {other vegetables}",0.0137236962488564,0.326086956521739,1.68561082044369,135
"97","{white bread} => {whole milk}",0.0170783775541324,0.405797101449275,1.58847038876105,168
"98","{chocolate} => {soda}",0.0135203822303548,0.272540983606557,1.56325694212111,133
"99","{chocolate} => {other vegetables}",0.0127071261563485,0.256147540983607,1.32407953791684,125
"100","{chocolate} => {whole milk}",0.0166717495171292,0.336065573770492,1.31551016680475,164
"101","{coffee} => {whole milk}",0.018704889702145,0.322241681260946,1.26139730145799,184
"102","{frozen vegetables} => {yogurt}",0.0124021551285961,0.257928118393235,1.8492994902582,122
"103","{frozen vegetables} => {other vegetables}",0.0177899766188879,0.369978858350951,1.91249712538009,175
"104","{frozen vegetables} => {whole milk}",0.0204330588594084,0.424947145877378,1.66343218225061,201
"105","{beef} => {root vegetables}",0.0173833485818847,0.331395348837209,3.04098511801458,171
"106","{beef} => {rolls/buns}",0.0136220392396056,0.25968992248062,1.41214470284238,134
"107","{beef} => {other vegetables}",0.0197214597946528,0.375968992248062,1.94346136455291,194
"108","{beef} => {whole milk}",0.0212463149334147,0.405038759689922,1.58550190173886,209
"109","{curd} => {yogurt}",0.0172816915726339,0.324427480916031,2.3260882870051,170
"110","{curd} => {other vegetables}",0.0171800345633831,0.322519083969466,1.66716775039813,169
"111","{curd} => {whole milk}",0.0261258513774525,0.490458015267176,1.91987086994954,257
"112","{napkins} => {other vegetables}",0.0144352953136119,0.275728155339806,1.42529577723472,142
"113","{napkins} => {whole milk}",0.0197214597946528,0.376699029126214,1.47456758834642,194
"114","{pork} => {other vegetables}",0.0216529429704178,0.375661375661376,1.94187123088857,213
"115","{pork} => {whole milk}",0.0221612280166717,0.384479717813051,1.50502466539076,218
"116","{frankfurter} => {rolls/buns}",0.0192131747483989,0.325862068965517,1.7719763252702,189
"117","{frankfurter} => {other vegetables}",0.0164684354986276,0.279310344827586,1.4438128544766,162
"118","{frankfurter} => {whole milk}",0.0205347158686591,0.348275862068965,1.36330666739849,202
"119","{bottled beer} => {whole milk}",0.0204330588594084,0.253787878787879,0.993438664399667,201
"120","{brown bread} => {other vegetables}",0.018704889702145,0.288401253918495,1.49080564098594,184
"121","{brown bread} => {whole milk}",0.0252109382941954,0.38871473354232,1.52160240105682,248
"122","{margarine} => {rolls/buns}",0.0147402663413642,0.251736111111111,1.36889338032062,145
"123","{margarine} => {other vegetables}",0.0197214597946528,0.336805555555556,1.74101747241198,194
"124","{margarine} => {whole milk}",0.0241943682016875,0.413194444444444,1.61742688022284,238
"125","{butter} => {yogurt}",0.0146386093321134,0.264220183486239,1.89441249632225,144
"126","{butter} => {other vegetables}",0.0200264308224052,0.361467889908257,1.86850217184841,197
"127","{butter} => {whole milk}",0.0275490495069635,0.497247706422018,1.94644874177214,271
"128","{newspapers} => {whole milk}",0.0273457354884619,0.342675159235669,1.34138302483139,269
"129","{domestic eggs} => {other vegetables}",0.0222628850259225,0.350961538461538,1.81419267149036,219
"130","{domestic eggs} => {whole milk}",0.0299888177289824,0.47275641025641,1.85057891273072,295
"131","{fruit/vegetable juice} => {soda}",0.0183999186743926,0.254571026722925,1.46018378418275,181
"132","{fruit/vegetable juice} => {yogurt}",0.018704889702145,0.258790436005626,1.85548215669631,184
"133","{fruit/vegetable juice} => {other vegetables}",0.0210430009149131,0.291139240506329,1.50495885909656,207
"134","{fruit/vegetable juice} => {whole milk}",0.0266341364237064,0.368495077355837,1.44245367128904,262
"135","{whipped/sour cream} => {yogurt}",0.0207380298871607,0.28936170212766,2.07467278704795,204
"136","{whipped/sour cream} => {other vegetables}",0.0288705906272237,0.402836879432624,2.08234702205923,284
"137","{whipped/sour cream} => {whole milk}",0.0322252719324997,0.449645390070922,1.76011209794177,317
"138","{pip fruit} => {tropical fruit}",0.0204330588594084,0.270161290322581,2.57517113653413,201
"139","{pip fruit} => {other vegetables}",0.0261258513774525,0.345430107526882,1.78559956265998,257
"140","{pip fruit} => {whole milk}",0.0300904747382332,0.397849462365591,1.55735979358946,296
"141","{pastry} => {other vegetables}",0.0225678560536749,0.253714285714286,1.3115015389235,222
"142","{pastry} => {whole milk}",0.0332418420250076,0.373714285714286,1.46288397475982,327
"143","{citrus fruit} => {yogurt}",0.0216529429704178,0.261670761670762,1.87613358786828,213
"144","{citrus fruit} => {other vegetables}",0.0288705906272237,0.348894348894349,1.80350694170978,284
"145","{citrus fruit} => {whole milk}",0.0304971027752364,0.368550368550369,1.44267010562275,300
"146","{sausage} => {soda}",0.0242960252109383,0.258658008658009,1.48362614062323,239
"147","{sausage} => {rolls/buns}",0.0305987597844871,0.325757575757576,1.77140811096035,301
"148","{sausage} => {other vegetables}",0.0269391074514588,0.286796536796537,1.48251052678273,265
"149","{sausage} => {whole milk}",0.0298871607197316,0.318181818181818,1.24550519118764,294
"150","{bottled water} => {soda}",0.0289722476364745,0.262189512419503,1.50388235199455,285
"151","{bottled water} => {whole milk}",0.0343600691267663,0.310947562097516,1.21718709445017,338
"152","{tropical fruit} => {yogurt}",0.0292772186642269,0.27906976744186,2.0008814156892,288
"153","{tropical fruit} => {other vegetables}",0.0358849242655281,0.342054263565891,1.76814912805973,353
"154","{tropical fruit} => {whole milk}",0.0422893158483277,0.403100775193798,1.57791576823772,416
"155","{root vegetables} => {other vegetables}",0.0473721663108671,0.434701492537313,2.24706178775068,466
"156","{root vegetables} => {whole milk}",0.048897021449629,0.448694029850746,1.75638805079259,481
"157","{yogurt} => {other vegetables}",0.0434075429500864,0.311224489795918,1.60878366060034,427
"158","{yogurt} => {whole milk}",0.0560130120971841,0.401603498542274,1.57205476130535,551
"159","{rolls/buns} => {whole milk}",0.0566229541526888,0.307904919845218,1.20527683904394,557
"160","{other vegetables} => {whole milk}",0.0748195588085799,0.386757750919601,1.51394190043618,736
"161","{whole milk} => {other vegetables}",0.0748195588085799,0.292877039395145,1.51394190043618,736
"162","{oil,other vegetables} => {whole milk}",0.00508285046253939,0.510204081632653,1.99716575846415,50
"163","{oil,whole milk} => {other vegetables}",0.00508285046253939,0.45045045045045,2.32847140361591,50
"164","{onions,root vegetables} => {other vegetables}",0.00569279251804412,0.602150537634409,3.11264048276914,56
"165","{onions,other vegetables} => {root vegetables}",0.00569279251804412,0.4,3.6705223880597,56
"166","{onions,other vegetables} => {whole milk}",0.00660770560130121,0.464285714285714,1.81742084020238,65
"167","{onions,whole milk} => {other vegetables}",0.00660770560130121,0.546218487394958,2.82351616421661,65
"168","{hamburger meat,other vegetables} => {whole milk}",0.00630273457354885,0.455882352941176,1.78452634535708,62
"169","{hamburger meat,whole milk} => {other vegetables}",0.00630273457354885,0.427586206896552,2.21028140685306,62
"170","{hygiene articles,other vegetables} => {whole milk}",0.00518450747179018,0.542553191489362,2.12379456612847,51
"171","{hygiene articles,whole milk} => {other vegetables}",0.00518450747179018,0.404761904761905,2.09229787553487,51
"172","{other vegetables,sugar} => {whole milk}",0.00630273457354885,0.584905660377358,2.28958097140154,62
"173","{sugar,whole milk} => {other vegetables}",0.00630273457354885,0.418918918918919,2.1654784053628,62
"174","{long life bakery product,other vegetables} => {whole milk}",0.00569279251804412,0.533333333333333,2.08770393951452,56
"175","{long life bakery product,whole milk} => {other vegetables}",0.00569279251804412,0.421052631578947,2.17650800674835,56
"176","{cream cheese,yogurt} => {other vegetables}",0.00528616448104097,0.426229508196721,2.20326835109361,52
"177","{cream cheese,other vegetables} => {yogurt}",0.00528616448104097,0.385185185185185,2.76171039844509,52
"178","{cream cheese,yogurt} => {whole milk}",0.00660770560130121,0.532786885245902,2.08556489859289,65
"179","{cream cheese,whole milk} => {yogurt}",0.00660770560130121,0.401234567901235,2.87678166504697,65
"180","{cream cheese,other vegetables} => {whole milk}",0.006709362610552,0.488888888888889,1.91372861122165,66
"181","{cream cheese,whole milk} => {other vegetables}",0.006709362610552,0.407407407407407,2.10597302504817,66
"182","{chicken,root vegetables} => {other vegetables}",0.00569279251804412,0.523364485981308,2.70537911119187,56
"183","{chicken,other vegetables} => {root vegetables}",0.00569279251804412,0.318181818181818,2.91973371777476,56
"184","{chicken,root vegetables} => {whole milk}",0.00599776354579648,0.551401869158878,2.15843222718499,59
"185","{chicken,whole milk} => {root vegetables}",0.00599776354579648,0.341040462427746,3.12949163143818,59
"186","{chicken,rolls/buns} => {whole milk}",0.00528616448104097,0.547368421052632,2.14264351687017,52
"187","{chicken,whole milk} => {rolls/buns}",0.00528616448104097,0.300578034682081,1.63448652690306,52
"188","{chicken,other vegetables} => {whole milk}",0.00843753176781539,0.471590909090909,1.84601662265311,83
"189","{chicken,whole milk} => {other vegetables}",0.00843753176781539,0.479768786127168,2.48002393543508,83
"190","{other vegetables,white bread} => {whole milk}",0.00589610653654569,0.42962962962963,1.68176150683114,58
"191","{white bread,whole milk} => {other vegetables}",0.00589610653654569,0.345238095238095,1.78460701148562,58
"192","{chocolate,soda} => {whole milk}",0.00508285046253939,0.37593984962406,1.47159582202622,50
"193","{chocolate,whole milk} => {soda}",0.00508285046253939,0.304878048780488,1.74873782265519,50
"194","{chocolate,other vegetables} => {whole milk}",0.00548947849954254,0.432,1.69104019100676,54
"195","{chocolate,whole milk} => {other vegetables}",0.00548947849954254,0.329268292682927,1.70205580405778,54
"196","{coffee,yogurt} => {whole milk}",0.00508285046253939,0.520833333333333,2.03877337843215,50
"197","{coffee,whole milk} => {yogurt}",0.00508285046253939,0.271739130434783,1.94832203067562,50
"198","{coffee,other vegetables} => {whole milk}",0.00640439158279963,0.477272727272727,1.86825778678146,63
"199","{coffee,whole milk} => {other vegetables}",0.00640439158279963,0.342391304347826,1.76989136146588,63
"200","{frozen vegetables,root vegetables} => {other vegetables}",0.00609942055504727,0.526315789473684,2.72063500843543,60
"201","{frozen vegetables,other vegetables} => {root vegetables}",0.00609942055504727,0.342857142857143,3.14616204690832,60
"202","{frozen vegetables,root vegetables} => {whole milk}",0.00620107756429806,0.535087719298246,2.09457138668398,61
"203","{frozen vegetables,whole milk} => {root vegetables}",0.00620107756429806,0.303482587064677,2.78484907551793,61
"204","{frozen vegetables,yogurt} => {other vegetables}",0.00528616448104097,0.426229508196721,2.20326835109361,52
"205","{frozen vegetables,other vegetables} => {yogurt}",0.00528616448104097,0.297142857142857,2.13046230737193,52
"206","{frozen vegetables,yogurt} => {whole milk}",0.00609942055504727,0.491803278688525,1.92513682947036,60
"207","{frozen vegetables,whole milk} => {yogurt}",0.00609942055504727,0.298507462686567,2.14024629041382,60
"208","{frozen vegetables,rolls/buns} => {whole milk}",0.00508285046253939,0.5,1.95722244329487,50
"209","{frozen vegetables,other vegetables} => {whole milk}",0.00965741587882485,0.542857142857143,2.12498436700586,95
"210","{frozen vegetables,whole milk} => {other vegetables}",0.00965741587882485,0.472636815920398,2.44315730857013,95
"211","{beef,root vegetables} => {other vegetables}",0.00792924672156145,0.456140350877193,2.35788367397738,78
"212","{beef,other vegetables} => {root vegetables}",0.00792924672156145,0.402061855670103,3.68944260655485,78
"213","{beef,root vegetables} => {whole milk}",0.00803090373081224,0.461988304093567,1.80842775462333,79
"214","{beef,whole milk} => {root vegetables}",0.00803090373081224,0.37799043062201,3.46855584517603,79
"215","{beef,yogurt} => {other vegetables}",0.00518450747179018,0.443478260869565,2.29243071580342,51
"216","{beef,other vegetables} => {yogurt}",0.00518450747179018,0.262886597938144,1.88485092122269,51
"217","{beef,yogurt} => {whole milk}",0.00609942055504727,0.521739130434783,2.04231907126421,60
"218","{beef,whole milk} => {yogurt}",0.00609942055504727,0.287081339712919,2.05832298743147,60
"219","{beef,rolls/buns} => {other vegetables}",0.00579444952729491,0.425373134328358,2.19884157771312,57
"220","{beef,other vegetables} => {rolls/buns}",0.00579444952729491,0.293814432989691,1.59770733959071,57
"221","{beef,rolls/buns} => {whole milk}",0.00681101961980279,0.5,1.95722244329487,67
"222","{beef,whole milk} => {rolls/buns}",0.00681101961980279,0.320574162679426,1.74322169059011,67
"223","{beef,other vegetables} => {whole milk}",0.00925078784182169,0.469072164948454,1.83615713752405,91
"224","{beef,whole milk} => {other vegetables}",0.00925078784182169,0.435406698564593,2.25070714334204,91
"225","{curd,whipped/sour cream} => {whole milk}",0.00589610653654569,0.563106796116505,2.20425051866218,58
"226","{curd,tropical fruit} => {yogurt}",0.00528616448104097,0.514851485148515,3.69139508703057,52
"227","{curd,yogurt} => {tropical fruit}",0.00528616448104097,0.305882352941176,2.9156634746922,52
"228","{curd,tropical fruit} => {other vegetables}",0.00528616448104097,0.514851485148515,2.66137365181605,52
"229","{curd,other vegetables} => {tropical fruit}",0.00528616448104097,0.307692307692308,2.93291592128801,52
"230","{curd,tropical fruit} => {whole milk}",0.00650604859205042,0.633663366336634,2.48044032417567,64
"231","{curd,root vegetables} => {other vegetables}",0.00548947849954254,0.504672897196262,2.6087584286493,54
"232","{curd,other vegetables} => {root vegetables}",0.00548947849954254,0.319526627218935,2.93207409697077,54
"233","{curd,root vegetables} => {whole milk}",0.00620107756429806,0.570093457943925,2.23159942132686,61
"234","{curd,yogurt} => {other vegetables}",0.00609942055504727,0.352941176470588,1.82442582918611,60
"235","{curd,other vegetables} => {yogurt}",0.00609942055504727,0.355029585798817,2.54550002587679,60
"236","{curd,yogurt} => {whole milk}",0.010064043915828,0.582352941176471,2.27958849277873,99
"237","{curd,whole milk} => {yogurt}",0.010064043915828,0.385214007782101,2.76191705142313,99
"238","{curd,rolls/buns} => {whole milk}",0.00589610653654569,0.585858585858586,2.29331114567883,58
"239","{curd,other vegetables} => {whole milk}",0.00986072989732642,0.57396449704142,2.24675239052784,97
"240","{curd,whole milk} => {other vegetables}",0.00986072989732642,0.377431906614786,1.95102347102977,97
"241","{napkins,yogurt} => {whole milk}",0.00609942055504727,0.495867768595041,1.94104705120152,60
"242","{napkins,whole milk} => {yogurt}",0.00609942055504727,0.309278350515464,2.21747167202669,60
"243","{napkins,rolls/buns} => {whole milk}",0.00528616448104097,0.452173913043478,1.77000986176231,52
"244","{napkins,whole milk} => {rolls/buns}",0.00528616448104097,0.268041237113402,1.45755757295994,52
"245","{napkins,other vegetables} => {whole milk}",0.00681101961980279,0.471830985915493,1.84695639015149,67
"246","{napkins,whole milk} => {other vegetables}",0.00681101961980279,0.345360824742268,1.7852414256383,67
"247","{pork,root vegetables} => {other vegetables}",0.00701433363830436,0.514925373134328,2.66175559407377,69
"248","{other vegetables,pork} => {root vegetables}",0.00701433363830436,0.323943661971831,2.97260615934412,69
"249","{pork,root vegetables} => {whole milk}",0.00681101961980279,0.5,1.95722244329487,67
"250","{pork,whole milk} => {root vegetables}",0.00681101961980279,0.307339449541284,2.82024082568807,67
"251","{pork,rolls/buns} => {other vegetables}",0.00559113550879333,0.495495495495495,2.5613185439775,55
"252","{other vegetables,pork} => {rolls/buns}",0.00559113550879333,0.258215962441315,1.40412958680775,55
"253","{pork,rolls/buns} => {whole milk}",0.00620107756429806,0.54954954954955,2.15118142416193,61
"254","{pork,whole milk} => {rolls/buns}",0.00620107756429806,0.279816513761468,1.52158930120042,61
"255","{other vegetables,pork} => {whole milk}",0.0101657009250788,0.469483568075117,1.83776755238955,100
"256","{pork,whole milk} => {other vegetables}",0.0101657009250788,0.458715596330275,2.37119564955382,100
"257","{frankfurter,tropical fruit} => {whole milk}",0.00518450747179018,0.548387096774194,2.14663106683953,51
"258","{frankfurter,whole milk} => {tropical fruit}",0.00518450747179018,0.252475247524752,2.40658818788856,51
"259","{frankfurter,root vegetables} => {whole milk}",0.00508285046253939,0.5,1.95722244329487,50
"260","{frankfurter,yogurt} => {whole milk}",0.00620107756429806,0.554545454545455,2.17073761892703,61
"261","{frankfurter,whole milk} => {yogurt}",0.00620107756429806,0.301980198019802,2.16514519527755,61
"262","{frankfurter,rolls/buns} => {other vegetables}",0.00559113550879333,0.291005291005291,1.50426644646298,55
"263","{frankfurter,other vegetables} => {rolls/buns}",0.00559113550879333,0.339506172839506,1.84617038265463,55
"264","{frankfurter,rolls/buns} => {whole milk}",0.00599776354579648,0.312169312169312,1.2219695677714,59
"265","{frankfurter,whole milk} => {rolls/buns}",0.00599776354579648,0.292079207920792,1.58827151371854,59
"266","{frankfurter,other vegetables} => {whole milk}",0.00762427569380909,0.462962962962963,1.8122430030508,75
"267","{frankfurter,whole milk} => {other vegetables}",0.00762427569380909,0.371287128712871,1.91925984505965,75
"268","{bottled beer,bottled water} => {soda}",0.00508285046253939,0.32258064516129,1.85027743816421,50
"269","{bottled beer,soda} => {bottled water}",0.00508285046253939,0.29940119760479,2.70948443499386,50
"270","{bottled beer,bottled water} => {whole milk}",0.00609942055504727,0.387096774193548,1.51526898835732,60
"271","{bottled beer,whole milk} => {bottled water}",0.00609942055504727,0.298507462686567,2.70139642175507,60
"272","{bottled beer,yogurt} => {whole milk}",0.00518450747179018,0.56043956043956,2.19380977160524,51
"273","{bottled beer,whole milk} => {yogurt}",0.00518450747179018,0.253731343283582,1.81920934685175,51
"274","{bottled beer,rolls/buns} => {whole milk}",0.00538782149029176,0.395522388059701,1.54825058947206,53
"275","{bottled beer,whole milk} => {rolls/buns}",0.00538782149029176,0.263681592039801,1.43385064726121,53
"276","{bottled beer,other vegetables} => {whole milk}",0.00762427569380909,0.471698113207547,1.84643626725931,75
"277","{bottled beer,whole milk} => {other vegetables}",0.00762427569380909,0.373134328358209,1.92880840150273,75
"278","{brown bread,tropical fruit} => {whole milk}",0.00569279251804412,0.533333333333333,2.08770393951452,56
"279","{brown bread,root vegetables} => {whole milk}",0.00569279251804412,0.56,2.19208913649025,56
"280","{brown bread,soda} => {whole milk}",0.00508285046253939,0.403225806451613,1.57840519620554,50
"281","{brown bread,yogurt} => {other vegetables}",0.00518450747179018,0.356643356643357,1.8435631630587,51
"282","{brown bread,other vegetables} => {yogurt}",0.00518450747179018,0.277173913043478,1.98728847128914,51
"283","{brown bread,yogurt} => {whole milk}",0.00711599064755515,0.48951048951049,1.91616183259637,70
"284","{brown bread,whole milk} => {yogurt}",0.00711599064755515,0.282258064516129,2.0237409479921,70
"285","{brown bread,rolls/buns} => {whole milk}",0.00528616448104097,0.419354838709677,1.64154140405376,52
"286","{brown bread,other vegetables} => {whole milk}",0.00935244485107248,0.5,1.95722244329487,92
"287","{brown bread,whole milk} => {other vegetables}",0.00935244485107248,0.370967741935484,1.91760886884885,92
"288","{domestic eggs,margarine} => {whole milk}",0.00518450747179018,0.621951219512195,2.43459377092776,51
"289","{margarine,root vegetables} => {other vegetables}",0.00589610653654569,0.532110091743119,2.75058695348243,58
"290","{margarine,other vegetables} => {root vegetables}",0.00589610653654569,0.298969072164948,2.7434316817972,58
"291","{margarine,yogurt} => {other vegetables}",0.00569279251804412,0.4,2.06768260641093,56
"292","{margarine,other vegetables} => {yogurt}",0.00569279251804412,0.288659793814433,2.06964022722491,56
"293","{margarine,yogurt} => {whole milk}",0.00701433363830436,0.492857142857143,1.92926212267637,69
"294","{margarine,whole milk} => {yogurt}",0.00701433363830436,0.289915966386555,2.07864676482838,69
"295","{margarine,rolls/buns} => {other vegetables}",0.00518450747179018,0.351724137931034,1.8181347056372,51
"296","{margarine,other vegetables} => {rolls/buns}",0.00518450747179018,0.262886597938144,1.42952761963379,51
"297","{margarine,rolls/buns} => {whole milk}",0.00792924672156145,0.537931034482759,2.10570138726896,78
"298","{margarine,whole milk} => {rolls/buns}",0.00792924672156145,0.327731092436975,1.78213972156027,78
"299","{margarine,other vegetables} => {whole milk}",0.00925078784182169,0.469072164948454,1.83615713752405,91
"300","{margarine,whole milk} => {other vegetables}",0.00925078784182169,0.382352941176471,1.97646131495162,91
"301","{butter,domestic eggs} => {whole milk}",0.00599776354579648,0.621052631578947,2.43107629798731,59
"302","{butter,whipped/sour cream} => {other vegetables}",0.00579444952729491,0.57,2.94644771413558,57
"303","{butter,other vegetables} => {whipped/sour cream}",0.00579444952729491,0.289340101522843,4.03721784209958,57
"304","{butter,whipped/sour cream} => {whole milk}",0.006709362610552,0.66,2.58353362514922,66
"305","{butter,citrus fruit} => {whole milk}",0.00508285046253939,0.555555555555556,2.17469160366096,50
"306","{bottled water,butter} => {whole milk}",0.00538782149029176,0.602272727272727,2.35756339760518,53
"307","{butter,tropical fruit} => {other vegetables}",0.00548947849954254,0.551020408163265,2.84833828434159,54
"308","{butter,other vegetables} => {tropical fruit}",0.00548947849954254,0.274111675126904,2.61282611261953,54
"309","{butter,tropical fruit} => {whole milk}",0.00620107756429806,0.622448979591837,2.43654222532626,61
"310","{butter,root vegetables} => {other vegetables}",0.00660770560130121,0.511811023622047,2.6456568782817,65
"311","{butter,other vegetables} => {root vegetables}",0.00660770560130121,0.32994923857868,3.02771516781574,65
"312","{butter,root vegetables} => {whole milk}",0.00823421774931381,0.637795275590551,2.49661445522652,81
"313","{butter,whole milk} => {root vegetables}",0.00823421774931381,0.298892988929889,2.7427335187531,81
"314","{butter,yogurt} => {other vegetables}",0.00640439158279963,0.4375,2.26152785076195,63
"315","{butter,other vegetables} => {yogurt}",0.00640439158279963,0.319796954314721,2.29288822127836,63
"316","{butter,yogurt} => {whole milk}",0.00935244485107248,0.638888888888889,2.50089534421011,92
"317","{butter,whole milk} => {yogurt}",0.00935244485107248,0.339483394833948,2.434036556109,92
"318","{butter,rolls/buns} => {other vegetables}",0.00569279251804412,0.424242424242424,2.19299670376917,56
"319","{butter,other vegetables} => {rolls/buns}",0.00569279251804412,0.284263959390863,1.54577366972245,56
"320","{butter,rolls/buns} => {whole milk}",0.00660770560130121,0.492424242424242,1.9275675577904,65
"321","{butter,other vegetables} => {whole milk}",0.011487242045339,0.573604060913706,2.24534148317076,113
"322","{butter,whole milk} => {other vegetables}",0.011487242045339,0.416974169741697,2.15542559524387,113
"323","{newspapers,tropical fruit} => {whole milk}",0.00508285046253939,0.431034482758621,1.68726072697833,50
"324","{newspapers,root vegetables} => {other vegetables}",0.00599776354579648,0.52212389380531,2.69896623403197,59
"325","{newspapers,other vegetables} => {root vegetables}",0.00599776354579648,0.310526315789474,2.8494844854674,59
"326","{newspapers,root vegetables} => {whole milk}",0.00579444952729491,0.504424778761062,1.9745429958904,57
"327","{newspapers,yogurt} => {rolls/buns}",0.00508285046253939,0.33112582781457,1.80059965075286,50
"328","{newspapers,rolls/buns} => {yogurt}",0.00508285046253939,0.257731958762887,1.84789306002224,50
"329","{newspapers,yogurt} => {other vegetables}",0.00559113550879333,0.364238410596026,1.88282356544042,55
"330","{newspapers,other vegetables} => {yogurt}",0.00559113550879333,0.289473684210526,2.0754756789934,55
"331","{newspapers,yogurt} => {whole milk}",0.00660770560130121,0.43046357615894,1.68502594455849,65
"332","{newspapers,rolls/buns} => {other vegetables}",0.00548947849954254,0.278350515463918,1.43885129827565,54
"333","{newspapers,other vegetables} => {rolls/buns}",0.00548947849954254,0.284210526315789,1.54548311076198,54
"334","{newspapers,rolls/buns} => {whole milk}",0.00762427569380909,0.38659793814433,1.51331632213521,75
"335","{newspapers,whole milk} => {rolls/buns}",0.00762427569380909,0.278810408921933,1.5161182932919,75
"336","{newspapers,other vegetables} => {whole milk}",0.0083358747585646,0.431578947368421,1.6893920036861,82
"337","{newspapers,whole milk} => {other vegetables}",0.0083358747585646,0.304832713754647,1.57574325023881,82
"338","{domestic eggs,whipped/sour cream} => {other vegetables}",0.00508285046253939,0.510204081632653,2.63735026327925,50
"339","{domestic eggs,whipped/sour cream} => {whole milk}",0.00569279251804412,0.571428571428571,2.23682564947985,56
"340","{domestic eggs,pip fruit} => {whole milk}",0.00538782149029176,0.623529411764706,2.44077151752066,53
"341","{citrus fruit,domestic eggs} => {whole milk}",0.00569279251804412,0.549019607843137,2.14910699655907,56
"342","{domestic eggs,tropical fruit} => {whole milk}",0.00691267662905357,0.607142857142857,2.37662725257234,68
"343","{domestic eggs,root vegetables} => {other vegetables}",0.00731930466605672,0.51063829787234,2.6395948166948,72
"344","{domestic eggs,other vegetables} => {root vegetables}",0.00731930466605672,0.328767123287671,3.01686771621345,72
"345","{domestic eggs,root vegetables} => {whole milk}",0.00853918877706618,0.595744680851064,2.33200971967048,84
"346","{domestic eggs,whole milk} => {root vegetables}",0.00853918877706618,0.284745762711864,2.61291424234758,84
"347","{domestic eggs,soda} => {other vegetables}",0.00508285046253939,0.409836065573771,2.11852726066694,50
"348","{domestic eggs,soda} => {whole milk}",0.00518450747179018,0.418032786885246,1.63636630504981,51
"349","{domestic eggs,yogurt} => {other vegetables}",0.00579444952729491,0.404255319148936,2.08967922988339,57
"350","{domestic eggs,other vegetables} => {yogurt}",0.00579444952729491,0.26027397260274,1.86611885458684,57
"351","{domestic eggs,yogurt} => {whole milk}",0.00772593270305988,0.539007092198582,2.10991355589234,76
"352","{domestic eggs,whole milk} => {yogurt}",0.00772593270305988,0.257627118644068,1.84714137470969,76
"353","{domestic eggs,rolls/buns} => {other vegetables}",0.00589610653654569,0.376623376623377,1.94684401252977,58
"354","{domestic eggs,other vegetables} => {rolls/buns}",0.00589610653654569,0.264840182648402,1.44015084395375,58
"355","{domestic eggs,rolls/buns} => {whole milk}",0.00660770560130121,0.422077922077922,1.65220076382034,65
"356","{domestic eggs,other vegetables} => {whole milk}",0.0123004981193453,0.552511415525114,2.16277548528474,121
"357","{domestic eggs,whole milk} => {other vegetables}",0.0123004981193453,0.410169491525424,2.12025080826883,121
"358","{bottled water,fruit/vegetable juice} => {soda}",0.00518450747179018,0.364285714285714,2.08949187838401,51
"359","{fruit/vegetable juice,soda} => {bottled water}",0.00518450747179018,0.281767955801105,2.54990927434726,51
"360","{bottled water,fruit/vegetable juice} => {whole milk}",0.00579444952729491,0.407142857142857,1.59373827525439,57
"361","{fruit/vegetable juice,tropical fruit} => {other vegetables}",0.00660770560130121,0.481481481481481,2.48887721142056,65
"362","{fruit/vegetable juice,other vegetables} => {tropical fruit}",0.00660770560130121,0.314009661835749,2.99313279406808,65
"363","{fruit/vegetable juice,tropical fruit} => {whole milk}",0.00599776354579648,0.437037037037037,1.71075739487996,59
"364","{fruit/vegetable juice,root vegetables} => {other vegetables}",0.00660770560130121,0.550847457627119,2.84744426730319,65
"365","{fruit/vegetable juice,other vegetables} => {root vegetables}",0.00660770560130121,0.314009661835749,2.88144873458793,65
"366","{fruit/vegetable juice,root vegetables} => {whole milk}",0.00650604859205042,0.542372881355932,2.12308875204867,64
"367","{fruit/vegetable juice,soda} => {yogurt}",0.00508285046253939,0.276243093922652,1.98061466101831,50
"368","{fruit/vegetable juice,yogurt} => {soda}",0.00508285046253939,0.271739130434783,1.5586576245405,50
"369","{fruit/vegetable juice,soda} => {whole milk}",0.00609942055504727,0.331491712707182,1.2976060397535,60
"370","{fruit/vegetable juice,yogurt} => {other vegetables}",0.00823421774931381,0.440217391304348,2.27557460759899,81
"371","{fruit/vegetable juice,other vegetables} => {yogurt}",0.00823421774931381,0.391304347826087,2.8055837241729,81
"372","{fruit/vegetable juice,yogurt} => {whole milk}",0.00945410186032327,0.505434782608696,1.9784966002872,93
"373","{fruit/vegetable juice,whole milk} => {yogurt}",0.00945410186032327,0.354961832061069,2.54501424342911,93
"374","{fruit/vegetable juice,rolls/buns} => {whole milk}",0.00559113550879333,0.384615384615385,1.50555572561144,55
"375","{fruit/vegetable juice,other vegetables} => {whole milk}",0.0104706719528311,0.497584541062802,1.94776726240938,103
"376","{fruit/vegetable juice,whole milk} => {other vegetables}",0.0104706719528311,0.393129770992366,2.03216897385807,103
"377","{pip fruit,whipped/sour cream} => {other vegetables}",0.00559113550879333,0.604395604395604,3.12424569650003,55
"378","{pip fruit,whipped/sour cream} => {whole milk}",0.00599776354579648,0.648351648351648,2.53793679460213,59
"379","{citrus fruit,whipped/sour cream} => {other vegetables}",0.00569279251804412,0.523364485981308,2.70537911119187,56
"380","{citrus fruit,whipped/sour cream} => {whole milk}",0.00630273457354885,0.579439252336449,2.26818301839779,62
"381","{sausage,whipped/sour cream} => {whole milk}",0.00508285046253939,0.561797752808989,2.19912634078075,50
"382","{tropical fruit,whipped/sour cream} => {yogurt}",0.00620107756429806,0.448529411764706,3.21587742239753,61
"383","{whipped/sour cream,yogurt} => {tropical fruit}",0.00620107756429806,0.299019607843137,2.85024794801642,61
"384","{tropical fruit,whipped/sour cream} => {other vegetables}",0.00782758971231066,0.566176470588235,2.92668310098606,77
"385","{other vegetables,whipped/sour cream} => {tropical fruit}",0.00782758971231066,0.27112676056338,2.58437397641664,77
"386","{tropical fruit,whipped/sour cream} => {whole milk}",0.00792924672156145,0.573529411764706,2.24504927319117,78
"387","{root vegetables,whipped/sour cream} => {yogurt}",0.00640439158279963,0.375,2.68868440233236,63
"388","{whipped/sour cream,yogurt} => {root vegetables}",0.00640439158279963,0.308823529411765,2.83385919666374,63
"389","{root vegetables,whipped/sour cream} => {other vegetables}",0.00853918877706618,0.5,2.58460325801366,84
"390","{other vegetables,whipped/sour cream} => {root vegetables}",0.00853918877706618,0.295774647887324,2.71411866722724,84
"391","{root vegetables,whipped/sour cream} => {whole milk}",0.00945410186032327,0.553571428571429,2.1669248479336,93
"392","{whipped/sour cream,whole milk} => {root vegetables}",0.00945410186032327,0.293375394321767,2.69210238240972,93
"393","{soda,whipped/sour cream} => {whole milk}",0.00548947849954254,0.473684210526316,1.85421073575303,54
"394","{whipped/sour cream,yogurt} => {other vegetables}",0.0101657009250788,0.490196078431373,2.53392476275849,100
"395","{other vegetables,whipped/sour cream} => {yogurt}",0.0101657009250788,0.352112676056338,2.52458629326982,100
"396","{whipped/sour cream,yogurt} => {whole milk}",0.0108772999898343,0.524509803921569,2.05316471992697,107
"397","{whipped/sour cream,whole milk} => {yogurt}",0.0108772999898343,0.337539432176656,2.42009868390799,107
"398","{rolls/buns,whipped/sour cream} => {other vegetables}",0.006709362610552,0.458333333333333,2.36921965317919,66
"399","{rolls/buns,whipped/sour cream} => {whole milk}",0.00782758971231066,0.534722222222222,2.09314066852368,77
"400","{other vegetables,whipped/sour cream} => {whole milk}",0.0146386093321134,0.507042253521127,1.98478895658071,144
"401","{whipped/sour cream,whole milk} => {other vegetables}",0.0146386093321134,0.454258675078864,2.34815690317961,144
"402","{pastry,pip fruit} => {whole milk}",0.00508285046253939,0.476190476190476,1.86402137456654,50
"403","{citrus fruit,pip fruit} => {tropical fruit}",0.00559113550879333,0.404411764705882,3.85484353625171,55
"404","{pip fruit,tropical fruit} => {citrus fruit}",0.00559113550879333,0.27363184079602,3.30677692617991,55
"405","{citrus fruit,tropical fruit} => {pip fruit}",0.00559113550879333,0.280612244897959,3.71019173798552,55
"406","{citrus fruit,pip fruit} => {other vegetables}",0.00589610653654569,0.426470588235294,2.20451454359989,58
"407","{citrus fruit,pip fruit} => {whole milk}",0.00518450747179018,0.375,1.46791683247115,51
"408","{pip fruit,sausage} => {whole milk}",0.00559113550879333,0.518867924528302,2.03107989398524,55
"409","{pip fruit,tropical fruit} => {root vegetables}",0.00528616448104097,0.258706467661692,2.3739697037202,52
"410","{pip fruit,root vegetables} => {tropical fruit}",0.00528616448104097,0.339869281045752,3.23962608299134,52
"411","{root vegetables,tropical fruit} => {pip fruit}",0.00528616448104097,0.251207729468599,3.32141187470781,52
"412","{pip fruit,tropical fruit} => {yogurt}",0.00640439158279963,0.313432835820896,2.24725860493451,63
"413","{pip fruit,yogurt} => {tropical fruit}",0.00640439158279963,0.355932203389831,3.39273748521876,63
"414","{pip fruit,tropical fruit} => {other vegetables}",0.00945410186032327,0.462686567164179,2.39172241786339,93
"415","{other vegetables,pip fruit} => {tropical fruit}",0.00945410186032327,0.361867704280156,3.44931454167044,93
"416","{other vegetables,tropical fruit} => {pip fruit}",0.00945410186032327,0.263456090651558,3.48335694050991,93
"417","{pip fruit,tropical fruit} => {whole milk}",0.00843753176781539,0.412935323383085,1.61641256510919,83
"418","{pip fruit,whole milk} => {tropical fruit}",0.00843753176781539,0.280405405405405,2.67281780326838,83
"419","{pip fruit,root vegetables} => {yogurt}",0.00528616448104097,0.339869281045752,2.43680329274567,52
"420","{pip fruit,yogurt} => {root vegetables}",0.00528616448104097,0.293785310734463,2.69586390083481,52
"421","{pip fruit,root vegetables} => {other vegetables}",0.00813256074006303,0.522875816993464,2.70285308027573,80
"422","{other vegetables,pip fruit} => {root vegetables}",0.00813256074006303,0.311284046692607,2.85643765607759,80
"423","{pip fruit,root vegetables} => {whole milk}",0.00894581681406933,0.57516339869281,2.25144542496664,88
"424","{pip fruit,whole milk} => {root vegetables}",0.00894581681406933,0.297297297297297,2.72809096409843,88
"425","{pip fruit,yogurt} => {other vegetables}",0.00813256074006303,0.451977401129944,2.336364527018,80
"426","{other vegetables,pip fruit} => {yogurt}",0.00813256074006303,0.311284046692607,2.23185216276616,80
"427","{pip fruit,yogurt} => {whole milk}",0.00955575886957406,0.531073446327684,2.07885773638099,94
"428","{pip fruit,whole milk} => {yogurt}",0.00955575886957406,0.317567567567568,2.27690390828146,94
"429","{pip fruit,rolls/buns} => {other vegetables}",0.00508285046253939,0.364963503649635,1.88657172117786,50
"430","{pip fruit,rolls/buns} => {whole milk}",0.00620107756429806,0.445255474452555,1.74292801519689,61
"431","{other vegetables,pip fruit} => {whole milk}",0.0135203822303548,0.517509727626459,2.02576330706784,133
"432","{pip fruit,whole milk} => {other vegetables}",0.0135203822303548,0.449324324324324,2.32265022510687,133
"433","{pastry,sausage} => {whole milk}",0.00569279251804412,0.455284552845528,1.78218628982947,56
"434","{pastry,tropical fruit} => {other vegetables}",0.00508285046253939,0.384615384615385,1.9881563523182,50
"435","{pastry,tropical fruit} => {whole milk}",0.006709362610552,0.507692307692308,1.9873335578071,66
"436","{pastry,root vegetables} => {other vegetables}",0.00589610653654569,0.537037037037037,2.77605535119986,58
"437","{other vegetables,pastry} => {root vegetables}",0.00589610653654569,0.261261261261261,2.39741327148044,58
"438","{pastry,root vegetables} => {whole milk}",0.00569279251804412,0.518518518518518,2.0297121634169,56
"439","{pastry,soda} => {rolls/buns}",0.00538782149029176,0.256038647342995,1.39228975893479,53
"440","{pastry,rolls/buns} => {soda}",0.00538782149029176,0.257281553398058,1.47573098587563,53
"441","{pastry,soda} => {other vegetables}",0.00548947849954254,0.260869565217391,1.34848865635495,54
"442","{pastry,soda} => {whole milk}",0.00823421774931381,0.391304347826087,1.53173930344816,81
"443","{pastry,yogurt} => {rolls/buns}",0.00579444952729491,0.327586206896552,1.78135186138274,57
"444","{pastry,rolls/buns} => {yogurt}",0.00579444952729491,0.276699029126214,1.98388363667242,57
"445","{pastry,yogurt} => {other vegetables}",0.00660770560130121,0.373563218390805,1.93102542265389,65
"446","{other vegetables,pastry} => {yogurt}",0.00660770560130121,0.292792792792793,2.09927310692617,65
"447","{pastry,yogurt} => {whole milk}",0.00914913083257091,0.517241379310345,2.024712872374,90
"448","{pastry,whole milk} => {yogurt}",0.00914913083257091,0.275229357798165,1.97334635033568,90
"449","{pastry,rolls/buns} => {other vegetables}",0.00609942055504727,0.29126213592233,1.50559413088175,60
"450","{other vegetables,pastry} => {rolls/buns}",0.00609942055504727,0.27027027027027,1.46967863385774,60
"451","{pastry,rolls/buns} => {whole milk}",0.00853918877706618,0.407766990291262,1.59618141006572,84
"452","{pastry,whole milk} => {rolls/buns}",0.00853918877706618,0.256880733944954,1.3968688666758,84
"453","{other vegetables,pastry} => {whole milk}",0.0105723289620819,0.468468468468468,1.83379400092492,104
"454","{pastry,whole milk} => {other vegetables}",0.0105723289620819,0.318042813455657,1.64402898369065,104
"455","{bottled water,citrus fruit} => {other vegetables}",0.00508285046253939,0.37593984962406,1.94331072031102,50
"456","{bottled water,citrus fruit} => {whole milk}",0.00589610653654569,0.43609022556391,1.70705115355041,58
"457","{citrus fruit,tropical fruit} => {root vegetables}",0.00569279251804412,0.285714285714286,2.62180170575693,56
"458","{citrus fruit,root vegetables} => {tropical fruit}",0.00569279251804412,0.32183908045977,3.06776263031275,56
"459","{root vegetables,tropical fruit} => {citrus fruit}",0.00569279251804412,0.270531400966184,3.26930883452623,56
"460","{citrus fruit,tropical fruit} => {yogurt}",0.00630273457354885,0.316326530612245,2.26800589040281,62
"461","{citrus fruit,yogurt} => {tropical fruit}",0.00630273457354885,0.291079812206573,2.77456600065509,62
"462","{citrus fruit,tropical fruit} => {other vegetables}",0.00904747382332012,0.454081632653061,2.34724173431853,89
"463","{citrus fruit,other vegetables} => {tropical fruit}",0.00904747382332012,0.313380281690141,2.98713355715689,89
"464","{other vegetables,tropical fruit} => {citrus fruit}",0.00904747382332012,0.252124645892351,3.04686749587599,89
"465","{citrus fruit,tropical fruit} => {whole milk}",0.00904747382332012,0.454081632653061,1.77747752503309,89
"466","{citrus fruit,whole milk} => {tropical fruit}",0.00904747382332012,0.296666666666667,2.82781976744186,89
"467","{citrus fruit,root vegetables} => {other vegetables}",0.0103690149435804,0.586206896551724,3.03022450939533,102
"468","{citrus fruit,other vegetables} => {root vegetables}",0.0103690149435804,0.359154929577465,3.29571552449022,102
"469","{citrus fruit,root vegetables} => {whole milk}",0.00914913083257091,0.517241379310345,2.024712872374,90
"470","{citrus fruit,whole milk} => {root vegetables}",0.00914913083257091,0.3,2.75289179104478,90
"471","{citrus fruit,yogurt} => {rolls/buns}",0.00579444952729491,0.267605633802817,1.45518884450985,57
"472","{citrus fruit,rolls/buns} => {yogurt}",0.00579444952729491,0.345454545454545,2.47684866154254,57
"473","{citrus fruit,yogurt} => {other vegetables}",0.00762427569380909,0.352112676056338,1.82014313944624,75
"474","{citrus fruit,other vegetables} => {yogurt}",0.00762427569380909,0.264084507042254,1.89343971995237,75
"475","{citrus fruit,yogurt} => {whole milk}",0.0102673579343296,0.474178403755869,1.85614522791344,101
"476","{citrus fruit,whole milk} => {yogurt}",0.0102673579343296,0.336666666666667,2.41384110787172,101
"477","{citrus fruit,rolls/buns} => {other vegetables}",0.00599776354579648,0.357575757575758,1.84838293603401,59
"478","{citrus fruit,rolls/buns} => {whole milk}",0.00721764765680594,0.43030303030303,1.68439749665376,71
"479","{citrus fruit,other vegetables} => {whole milk}",0.0130120971841008,0.450704225352113,1.76425685029396,128
"480","{citrus fruit,whole milk} => {other vegetables}",0.0130120971841008,0.426666666666667,2.20552811350499,128
"481","{sausage,shopping bags} => {soda}",0.00569279251804412,0.363636363636364,2.08576729393056,56
"482","{sausage,shopping bags} => {rolls/buns}",0.00599776354579648,0.383116883116883,2.08331718033211,59
"483","{rolls/buns,shopping bags} => {sausage}",0.00599776354579648,0.307291666666667,3.27145900974026,59
"484","{sausage,shopping bags} => {other vegetables}",0.00538782149029176,0.344155844155844,1.77901263213927,53
"485","{root vegetables,shopping bags} => {other vegetables}",0.00660770560130121,0.515873015873016,2.66665415509346,65
"486","{other vegetables,shopping bags} => {root vegetables}",0.00660770560130121,0.285087719298246,2.61605214061273,65
"487","{root vegetables,shopping bags} => {whole milk}",0.00528616448104097,0.412698412698413,1.615485191291,52
"488","{shopping bags,soda} => {rolls/buns}",0.00630273457354885,0.256198347107438,1.39315817606184,62
"489","{rolls/buns,shopping bags} => {soda}",0.00630273457354885,0.322916666666667,1.85220481049563,62
"490","{shopping bags,soda} => {whole milk}",0.00681101961980279,0.276859504132231,1.08375127025418,67
"491","{shopping bags,whole milk} => {soda}",0.00681101961980279,0.278008298755187,1.59461669670832,67
"492","{shopping bags,yogurt} => {other vegetables}",0.00538782149029176,0.353333333333333,1.82645296899632,53
"493","{shopping bags,yogurt} => {whole milk}",0.00528616448104097,0.346666666666667,1.35700756068444,52
"494","{rolls/buns,shopping bags} => {other vegetables}",0.00528616448104097,0.270833333333333,1.39999343142407,52
"495","{rolls/buns,shopping bags} => {whole milk}",0.00528616448104097,0.270833333333333,1.06016215678472,52
"496","{other vegetables,shopping bags} => {whole milk}",0.00762427569380909,0.328947368421053,1.28764634427294,75
"497","{shopping bags,whole milk} => {other vegetables}",0.00762427569380909,0.311203319502075,1.60867422697946,75
"498","{bottled water,sausage} => {other vegetables}",0.00508285046253939,0.423728813559322,2.19034174407938,50
"499","{sausage,tropical fruit} => {other vegetables}",0.00599776354579648,0.430656934306569,2.22615463098987,59
"500","{sausage,tropical fruit} => {whole milk}",0.00721764765680594,0.518248175182482,2.02865391932753,71
"501","{root vegetables,sausage} => {yogurt}",0.00518450747179018,0.346938775510204,2.48749033140953,51
"502","{sausage,yogurt} => {root vegetables}",0.00518450747179018,0.264248704663212,2.42482696620524,51
"503","{root vegetables,sausage} => {other vegetables}",0.00681101961980279,0.45578231292517,2.35603290186279,67
"504","{other vegetables,sausage} => {root vegetables}",0.00681101961980279,0.252830188679245,2.32004716981132,67
"505","{root vegetables,sausage} => {whole milk}",0.00772593270305988,0.517006802721088,2.02379463524367,76
"506","{sausage,whole milk} => {root vegetables}",0.00772593270305988,0.258503401360544,2.37210630520865,76
"507","{sausage,yogurt} => {soda}",0.00559113550879333,0.284974093264249,1.63457151920724,55
"508","{sausage,soda} => {rolls/buns}",0.00965741587882485,0.397489539748954,2.16147296987864,95
"509","{rolls/buns,sausage} => {soda}",0.00965741587882485,0.315614617940199,1.81032128086166,95
"510","{rolls/buns,soda} => {sausage}",0.00965741587882485,0.251989389920424,2.68270522580867,95
"511","{sausage,soda} => {other vegetables}",0.00721764765680594,0.297071129707113,1.53562201940561,71
"512","{other vegetables,sausage} => {soda}",0.00721764765680594,0.267924528301887,1.53677760052808,71
"513","{sausage,soda} => {whole milk}",0.006709362610552,0.276150627615063,1.08097641219633,66
"514","{sausage,yogurt} => {rolls/buns}",0.00599776354579648,0.305699481865285,1.66233598845152,59
"515","{sausage,yogurt} => {other vegetables}",0.00813256074006303,0.414507772020725,2.1426762760735,80
"516","{other vegetables,sausage} => {yogurt}",0.00813256074006303,0.30188679245283,2.16447549370152,80
"517","{sausage,yogurt} => {whole milk}",0.00874250279556775,0.44559585492228,1.7442604157861,86
"518","{sausage,whole milk} => {yogurt}",0.00874250279556775,0.292517006802721,2.0972957696198,86
"519","{rolls/buns,sausage} => {other vegetables}",0.00884415980481854,0.289036544850498,1.49408959101122,87
"520","{other vegetables,sausage} => {rolls/buns}",0.00884415980481854,0.328301886792453,1.78524359335398,87
"521","{rolls/buns,sausage} => {whole milk}",0.00935244485107248,0.305647840531561,1.19644162646596,92
"522","{sausage,whole milk} => {rolls/buns}",0.00935244485107248,0.312925170068027,1.70162791484753,92
"523","{other vegetables,sausage} => {whole milk}",0.0101657009250788,0.377358490566038,1.47714901380745,100
"524","{sausage,whole milk} => {other vegetables}",0.0101657009250788,0.340136054421769,1.75823350885283,100
"525","{bottled water,tropical fruit} => {soda}",0.00518450747179018,0.28021978021978,1.60730144491077,51
"526","{bottled water,tropical fruit} => {yogurt}",0.00711599064755515,0.384615384615385,2.75762502803319,70
"527","{bottled water,yogurt} => {tropical fruit}",0.00711599064755515,0.309734513274336,2.95238217740276,70
"528","{bottled water,tropical fruit} => {rolls/buns}",0.00538782149029176,0.291208791208791,1.58353835219507,53
"529","{bottled water,tropical fruit} => {other vegetables}",0.00620107756429806,0.335164835164835,1.73253624987729,61
"530","{bottled water,other vegetables} => {tropical fruit}",0.00620107756429806,0.25,2.38299418604651,61
"531","{bottled water,tropical fruit} => {whole milk}",0.00803090373081224,0.434065934065934,1.69912717604719,79
"532","{bottled water,root vegetables} => {other vegetables}",0.00701433363830436,0.448051948051948,2.31607304938887,69
"533","{bottled water,other vegetables} => {root vegetables}",0.00701433363830436,0.282786885245902,2.59493898336188,69
"534","{bottled water,root vegetables} => {whole milk}",0.00731930466605672,0.467532467532468,1.83013007684715,72
"535","{bottled water,soda} => {yogurt}",0.00742096167530751,0.256140350877193,1.83648150989719,73
"536","{bottled water,yogurt} => {soda}",0.00742096167530751,0.323008849557522,1.85273355865734,73
"537","{soda,yogurt} => {bottled water}",0.00742096167530751,0.271375464684015,2.45586057598588,73
"538","{bottled water,rolls/buns} => {soda}",0.00681101961980279,0.281512605042017,1.61471690717103,67
"539","{bottled water,soda} => {whole milk}",0.0075226186845583,0.259649122807018,1.01638218107944,74
"540","{bottled water,yogurt} => {rolls/buns}",0.00711599064755515,0.309734513274336,1.68427772641219,70
"541","{bottled water,rolls/buns} => {yogurt}",0.00711599064755515,0.294117647058824,2.10877208026068,70
"542","{bottled water,yogurt} => {other vegetables}",0.00813256074006303,0.353982300884956,1.82980761629286,80
"543","{bottled water,other vegetables} => {yogurt}",0.00813256074006303,0.327868852459016,2.35076231897911,80
"544","{bottled water,yogurt} => {whole milk}",0.00965741587882485,0.420353982300885,1.64545249657533,95
"545","{bottled water,whole milk} => {yogurt}",0.00965741587882485,0.281065088757396,2.01518752048579,95
"546","{bottled water,rolls/buns} => {other vegetables}",0.00731930466605672,0.302521008403361,1.56379356787381,72
"547","{bottled water,other vegetables} => {rolls/buns}",0.00731930466605672,0.295081967213115,1.60459995106435,72
"548","{bottled water,rolls/buns} => {whole milk}",0.00874250279556775,0.361344537815126,1.41446327834755,86
"549","{bottled water,whole milk} => {rolls/buns}",0.00874250279556775,0.254437869822485,1.38358503341282,86
"550","{bottled water,other vegetables} => {whole milk}",0.0107756429805835,0.434426229508197,1.70053753269882,106
"551","{bottled water,whole milk} => {other vegetables}",0.0107756429805835,0.313609467455621,1.62111210265946,106
"552","{root vegetables,tropical fruit} => {yogurt}",0.00813256074006303,0.386473429951691,2.770946888072,80
"553","{tropical fruit,yogurt} => {root vegetables}",0.00813256074006303,0.277777777777778,2.54897388059702,80
"554","{root vegetables,yogurt} => {tropical fruit}",0.00813256074006303,0.31496062992126,3.00219739974364,80
"555","{root vegetables,tropical fruit} => {rolls/buns}",0.00589610653654569,0.280193236714976,1.52363784940034,58
"556","{root vegetables,tropical fruit} => {other vegetables}",0.0123004981193453,0.584541062801932,3.02161347072129,121
"557","{other vegetables,tropical fruit} => {root vegetables}",0.0123004981193453,0.342776203966006,3.14541932687836,121
"558","{other vegetables,root vegetables} => {tropical fruit}",0.0123004981193453,0.259656652360515,2.47504117177363,121
"559","{root vegetables,tropical fruit} => {whole milk}",0.011995527091593,0.570048309178744,2.23142268897386,118
"560","{tropical fruit,whole milk} => {root vegetables}",0.011995527091593,0.283653846153846,2.60289448191734,118
"561","{soda,tropical fruit} => {yogurt}",0.00660770560130121,0.317073170731707,2.27335916945175,65
"562","{soda,tropical fruit} => {rolls/buns}",0.00538782149029176,0.258536585365854,1.40587307365611,53
"563","{soda,tropical fruit} => {other vegetables}",0.00721764765680594,0.346341463414634,1.79031054945337,71
"564","{soda,tropical fruit} => {whole milk}",0.00782758971231066,0.375609756097561,1.47030368910931,77
"565","{tropical fruit,yogurt} => {rolls/buns}",0.00874250279556775,0.298611111111111,1.62379076838032,86
"566","{rolls/buns,tropical fruit} => {yogurt}",0.00874250279556775,0.355371900826446,2.54795436474472,86
"567","{rolls/buns,yogurt} => {tropical fruit}",0.00874250279556775,0.254437869822485,2.42529585798817,86
"568","{tropical fruit,yogurt} => {other vegetables}",0.0123004981193453,0.420138888888889,2.17178468208092,121
"569","{other vegetables,tropical fruit} => {yogurt}",0.0123004981193453,0.342776203966006,2.45764542158425,121
"570","{other vegetables,yogurt} => {tropical fruit}",0.0123004981193453,0.283372365339578,2.70109879636185,121
"571","{tropical fruit,yogurt} => {whole milk}",0.0151468943783674,0.517361111111111,2.02518155590927,149
"572","{tropical fruit,whole milk} => {yogurt}",0.0151468943783674,0.358173076923077,2.56803830735591,149
"573","{whole milk,yogurt} => {tropical fruit}",0.0151468943783674,0.270417422867514,2.57761258599586,149
"574","{rolls/buns,tropical fruit} => {other vegetables}",0.00782758971231066,0.318181818181818,1.64474752782688,77
"575","{rolls/buns,tropical fruit} => {whole milk}",0.0109789569990851,0.446280991735537,1.74694234608137,108
"576","{tropical fruit,whole milk} => {rolls/buns}",0.0109789569990851,0.259615384615385,1.41173938002296,108
"577","{other vegetables,tropical fruit} => {whole milk}",0.0170783775541324,0.475920679886686,1.86296527180475,168
"578","{tropical fruit,whole milk} => {other vegetables}",0.0170783775541324,0.403846153846154,2.08756416993411,168
"579","{root vegetables,soda} => {other vegetables}",0.00823421774931381,0.442622950819672,2.28800944152029,81
"580","{other vegetables,soda} => {root vegetables}",0.00823421774931381,0.251552795031056,2.30832541485121,81
"581","{root vegetables,soda} => {whole milk}",0.00813256074006303,0.437158469945355,1.71123273730699,80
"582","{root vegetables,yogurt} => {rolls/buns}",0.00721764765680594,0.279527559055118,1.52001802013554,71
"583","{rolls/buns,root vegetables} => {yogurt}",0.00721764765680594,0.297071129707113,2.12994803420472,71
"584","{root vegetables,yogurt} => {other vegetables}",0.0129104401748501,0.5,2.58460325801366,127
"585","{other vegetables,root vegetables} => {yogurt}",0.0129104401748501,0.272532188841202,1.95400812072223,127
"586","{other vegetables,yogurt} => {root vegetables}",0.0129104401748501,0.297423887587822,2.72925259533713,127
"587","{root vegetables,yogurt} => {whole milk}",0.0145369523228627,0.562992125984252,2.20380164874934,143
"588","{root vegetables,whole milk} => {yogurt}",0.0145369523228627,0.297297297297297,2.13156961626349,143
"589","{whole milk,yogurt} => {root vegetables}",0.0145369523228627,0.259528130671506,2.38150953490262,143
"590","{rolls/buns,root vegetables} => {other vegetables}",0.0121988411100945,0.502092050209205,2.59541749758694,120
"591","{other vegetables,root vegetables} => {rolls/buns}",0.0121988411100945,0.257510729613734,1.40029466401896,120
"592","{other vegetables,rolls/buns} => {root vegetables}",0.0121988411100945,0.286396181384248,2.62805898906423,120
"593","{rolls/buns,root vegetables} => {whole milk}",0.0127071261563485,0.523012552301255,2.04730381097789,125
"594","{root vegetables,whole milk} => {rolls/buns}",0.0127071261563485,0.25987525987526,1.41315253255552,125
"595","{other vegetables,root vegetables} => {whole milk}",0.0231777981091796,0.489270386266094,1.9152219616791,228
"596","{root vegetables,whole milk} => {other vegetables}",0.0231777981091796,0.474012474012474,2.45026836934351,228
"597","{other vegetables,whole milk} => {root vegetables}",0.0231777981091796,0.309782608695652,2.84266000162232,228
"598","{soda,yogurt} => {rolls/buns}",0.00864084578631697,0.315985130111524,1.71826739906416,85
"599","{rolls/buns,yogurt} => {soda}",0.00864084578631697,0.251479289940828,1.44245001466352,85
"600","{soda,yogurt} => {other vegetables}",0.0083358747585646,0.304832713754647,1.57574325023881,82
"601","{other vegetables,soda} => {yogurt}",0.0083358747585646,0.254658385093168,1.82585607446173,82
"602","{soda,yogurt} => {whole milk}",0.0104706719528311,0.382899628252788,1.49883949189124,103
"603","{soda,whole milk} => {yogurt}",0.0104706719528311,0.261421319796954,1.87434513326723,103
"604","{rolls/buns,soda} => {other vegetables}",0.00986072989732642,0.257294429708223,1.33000804258528,97
"605","{other vegetables,soda} => {rolls/buns}",0.00986072989732642,0.301242236024845,1.6380983282346,97
"606","{other vegetables,soda} => {whole milk}",0.0139270102673579,0.425465838509317,1.66546257597141,137
"607","{soda,whole milk} => {other vegetables}",0.0139270102673579,0.347715736040609,1.79741444846635,137
"608","{rolls/buns,yogurt} => {other vegetables}",0.011487242045339,0.334319526627219,1.72816667547659,113
"609","{other vegetables,yogurt} => {rolls/buns}",0.011487242045339,0.26463700234192,1.4390459878593,113
"610","{other vegetables,rolls/buns} => {yogurt}",0.011487242045339,0.269689737470167,1.93362824161373,113
"611","{rolls/buns,yogurt} => {whole milk}",0.0155535224153705,0.452662721893491,1.77192327706577,153
"612","{whole milk,yogurt} => {rolls/buns}",0.0155535224153705,0.277676950998185,1.50995476338814,153
"613","{rolls/buns,whole milk} => {yogurt}",0.0155535224153705,0.274685816876122,1.96944925700467,153
"614","{other vegetables,yogurt} => {whole milk}",0.0222628850259225,0.51288056206089,2.00764269359052,219
"615","{whole milk,yogurt} => {other vegetables}",0.0222628850259225,0.397459165154265,2.05454850637021,219
"616","{other vegetables,whole milk} => {yogurt}",0.0222628850259225,0.297554347826087,2.13341262358981,219
"617","{other vegetables,rolls/buns} => {whole milk}",0.0178916336281387,0.420047732696897,1.64425369937898,176
"618","{rolls/buns,whole milk} => {other vegetables}",0.0178916336281387,0.315978456014363,1.6333578937537,176
"619","{fruit/vegetable juice,other vegetables,yogurt} => {whole milk}",0.00508285046253939,0.617283950617284,2.41632400406774,50
"620","{fruit/vegetable juice,whole milk,yogurt} => {other vegetables}",0.00508285046253939,0.537634408602151,2.77914328818673,50
"621","{fruit/vegetable juice,other vegetables,whole milk} => {yogurt}",0.00508285046253939,0.485436893203884,3.48049760819723,50
"622","{other vegetables,root vegetables,whipped/sour cream} => {whole milk}",0.00518450747179018,0.607142857142857,2.37662725257234,51
"623","{root vegetables,whipped/sour cream,whole milk} => {other vegetables}",0.00518450747179018,0.548387096774194,2.83472615395047,51
"624","{other vegetables,whipped/sour cream,whole milk} => {root vegetables}",0.00518450747179018,0.354166666666667,3.24994169776119,51
"625","{other vegetables,whipped/sour cream,yogurt} => {whole milk}",0.00559113550879333,0.55,2.15294468762435,55
"626","{whipped/sour cream,whole milk,yogurt} => {other vegetables}",0.00559113550879333,0.514018691588785,2.65706876992059,55
"627","{other vegetables,whipped/sour cream,whole milk} => {yogurt}",0.00559113550879333,0.381944444444444,2.73847485422741,55
"628","{other vegetables,whole milk,yogurt} => {whipped/sour cream}",0.00559113550879333,0.251141552511416,3.50422617312737,55
"629","{other vegetables,pip fruit,root vegetables} => {whole milk}",0.00548947849954254,0.675,2.64225029844807,54
"630","{pip fruit,root vegetables,whole milk} => {other vegetables}",0.00548947849954254,0.613636363636364,3.1720130893804,54
"631","{other vegetables,pip fruit,whole milk} => {root vegetables}",0.00548947849954254,0.406015037593985,3.72571821344406,54
"632","{other vegetables,pip fruit,yogurt} => {whole milk}",0.00508285046253939,0.625,2.44652805411858,50
"633","{pip fruit,whole milk,yogurt} => {other vegetables}",0.00508285046253939,0.531914893617021,2.74957793405709,50
"634","{other vegetables,pip fruit,whole milk} => {yogurt}",0.00508285046253939,0.37593984962406,2.69542295973169,50
"635","{citrus fruit,other vegetables,root vegetables} => {whole milk}",0.00579444952729491,0.558823529411765,2.18748390721191,57
"636","{citrus fruit,root vegetables,whole milk} => {other vegetables}",0.00579444952729491,0.633333333333333,3.27383079348397,57
"637","{citrus fruit,other vegetables,whole milk} => {root vegetables}",0.00579444952729491,0.4453125,4.08632375233209,57
"638","{other vegetables,root vegetables,whole milk} => {citrus fruit}",0.00579444952729491,0.25,3.02119164619165,57
"639","{root vegetables,tropical fruit,yogurt} => {whole milk}",0.00569279251804412,0.7,2.74011142061281,56
"640","{root vegetables,tropical fruit,whole milk} => {yogurt}",0.00569279251804412,0.474576271186441,3.40262884814943,56
"641","{tropical fruit,whole milk,yogurt} => {root vegetables}",0.00569279251804412,0.375838926174497,3.44881298206952,56
"642","{root vegetables,whole milk,yogurt} => {tropical fruit}",0.00569279251804412,0.391608391608392,3.73280208163929,56
"643","{other vegetables,root vegetables,tropical fruit} => {whole milk}",0.00701433363830436,0.570247933884298,2.23220410888175,69
"644","{root vegetables,tropical fruit,whole milk} => {other vegetables}",0.00701433363830436,0.584745762711864,3.02267160682954,69
"645","{other vegetables,tropical fruit,whole milk} => {root vegetables}",0.00701433363830436,0.410714285714286,3.76883995202559,69
"646","{other vegetables,root vegetables,whole milk} => {tropical fruit}",0.00701433363830436,0.302631578947368,2.88467717258262,69
"647","{other vegetables,tropical fruit,yogurt} => {whole milk}",0.00762427569380909,0.619834710743802,2.4263088140019,75
"648","{tropical fruit,whole milk,yogurt} => {other vegetables}",0.00762427569380909,0.503355704697987,2.60194958860436,75
"649","{other vegetables,tropical fruit,whole milk} => {yogurt}",0.00762427569380909,0.446428571428571,3.20081476468138,75
"650","{other vegetables,whole milk,yogurt} => {tropical fruit}",0.00762427569380909,0.342465753424658,3.26437559732399,75
"651","{other vegetables,root vegetables,yogurt} => {whole milk}",0.00782758971231066,0.606299212598425,2.37332485249929,77
"652","{root vegetables,whole milk,yogurt} => {other vegetables}",0.00782758971231066,0.538461538461538,2.78341889324548,77
"653","{other vegetables,root vegetables,whole milk} => {yogurt}",0.00782758971231066,0.337719298245614,2.42138829215897,77
"654","{other vegetables,whole milk,yogurt} => {root vegetables}",0.00782758971231066,0.351598173515982,3.22637241872828,77
"655","{other vegetables,rolls/buns,root vegetables} => {whole milk}",0.00620107756429806,0.508333333333333,1.98984281734978,61
"656","{rolls/buns,root vegetables,whole milk} => {other vegetables}",0.00620107756429806,0.488,2.52257277982133,61
"657","{other vegetables,root vegetables,whole milk} => {rolls/buns}",0.00620107756429806,0.267543859649123,1.45485292834075,61
"658","{other vegetables,rolls/buns,whole milk} => {root vegetables}",0.00620107756429806,0.346590909090909,3.18042422829037,61
"659","{other vegetables,rolls/buns,yogurt} => {whole milk}",0.00599776354579648,0.52212389380531,2.04382520627252,59
"660","{rolls/buns,whole milk,yogurt} => {other vegetables}",0.00599776354579648,0.38562091503268,1.99335414670335,59
"661","{other vegetables,whole milk,yogurt} => {rolls/buns}",0.00599776354579648,0.269406392694064,1.46498103091847,59
"662","{other vegetables,rolls/buns,whole milk} => {yogurt}",0.00599776354579648,0.335227272727273,2.40352090511529,59
